Task ID,Supplier ID,Cost
T1,S18,0.3556524664902972
T1,S56,0.3563492898371531
T1,S47,0.3576352325709233
T1,S27,0.3671822932280378
T1,S34,0.3673980233445724
T1,S51,0.3696378955704298
T1,S15,0.3715709329487683
T1,S10,0.3723988815688455
T1,S46,0.3724000110928648
T1,S60,0.3746940199664368
T10,S56,0.3170256303848849
T10,S46,0.3198408054846098
T10,S47,0.3280639234608589
T10,S51,0.3289304572483976
T10,S15,0.3294870119143479
T10,S6,0.329679930694557
T10,S12,0.3366043699418144
T10,S60,0.3372052550124997
T10,S57,0.3418046477869964
T10,S40,0.3426221809850642
T100,S57,0.4111297243521759
T100,S15,0.4140868839811111
T100,S40,0.416388638836192
T100,S54,0.4188792020044668
T100,S36,0.4190781814847157
T100,S13,0.4214076906538606
T100,S18,0.4216147363314302
T100,S10,0.4216736313336547
T100,S45,0.4262823173099543
T100,S47,0.426495753653847
T101,S36,0.408853448522212
T101,S47,0.4102354009931711
T101,S33,0.4229171120371987
T101,S57,0.4232114766867049
T101,S32,0.4255377242203703
T101,S64,0.4263409649873039
T101,S53,0.4300921846770165
T101,S61,0.431110185797521
T101,S7,0.4318088054490805
T101,S34,0.4334077901199621
T102,S56,0.3891697375825071
T102,S23,0.3998740336589821
T102,S15,0.4015411848847869
T102,S18,0.4037736176304044
T102,S28,0.4066350320771301
T102,S24,0.4077573908569122
T102,S50,0.4077671079666985
T102,S36,0.4119108433044645
T102,S11,0.4124297134618752
T102,S47,0.4130735034081131
T103,S53,0.4001682711817015
T103,S16,0.4092739505667174
T103,S50,0.4184488724386845
T103,S33,0.4188844362306574
T103,S47,0.4246559890476408
T103,S60,0.4341669605048812
T103,S51,0.4385715495740451
T103,S9,0.4397305111234794
T103,S14,0.440558606829087
T103,S31,0.4407946761973957
T104,S21,0.427904352986019
T104,S8,0.4312493284392737
T104,S30,0.4372427600005043
T104,S42,0.4379605988862254
T104,S9,0.4417509915161278
T104,S56,0.4418277213108187
T104,S50,0.4418374954309985
T104,S27,0.4426477918814803
T104,S62,0.4429305713601081
T104,S28,0.4437119339182696
T105,S33,0.5579444971448162
T105,S64,0.5597924293904345
T105,S46,0.5789021630262603
T105,S61,0.5973429495705656
T105,S18,0.5987336652297398
T105,S20,0.6010661023861003
T105,S40,0.6070610258670731
T105,S55,0.6071056430838981
T105,S25,0.6120876708828566
T105,S43,0.6123052968840648
T106,S33,0.4309450225397305
T106,S27,0.4357280860353987
T106,S1,0.4396824377680198
T106,S34,0.4411328759778812
T106,S35,0.4427410053256707
T106,S24,0.4427763080760272
T106,S7,0.4430490555794208
T106,S4,0.4431503603402527
T106,S39,0.443196800987758
T106,S36,0.4432599452936239
T107,S58,0.4048479976892055
T107,S11,0.4051656613404432
T107,S28,0.4070557932082738
T107,S12,0.4071898253224295
T107,S33,0.4072845604124891
T107,S48,0.4083683124402724
T107,S34,0.4100234389531008
T107,S59,0.4107157466354704
T107,S9,0.4120413888317253
T107,S23,0.4129484073883651
T108,S9,0.3759007623134639
T108,S50,0.3784061594787024
T108,S30,0.3835323486493113
T108,S57,0.3852096563477992
T108,S27,0.3893731826701203
T108,S23,0.3905773356171079
T108,S41,0.3910869864366499
T108,S34,0.3941396323290941
T108,S10,0.39474000053444
T108,S35,0.3954784235419125
T109,S64,0.3934631450115181
T109,S28,0.3940237226464594
T109,S41,0.3991967241029369
T109,S30,0.3996613925861608
T109,S43,0.400156862992972
T109,S15,0.401280006127434
T109,S22,0.4040211187129572
T109,S59,0.40420639391619
T109,S60,0.4049064866828094
T109,S42,0.4049659475988312
T110,S27,0.4099635769107032
T110,S11,0.4111057734985588
T110,S35,0.4123880034869763
T110,S13,0.4126041624423774
T110,S48,0.4127285437286354
T110,S51,0.4141378641868308
T110,S8,0.414477015830622
T110,S20,0.4163303926298452
T110,S46,0.4164454656845101
T110,S22,0.417601857234973
T111,S8,0.3806891016375657
T111,S57,0.3810886770923823
T111,S13,0.3819636088475195
T111,S64,0.3852697321949179
T111,S59,0.3874179885082962
T111,S10,0.3880071536304199
T111,S11,0.3911539568255723
T111,S12,0.3924232602432659
T111,S30,0.3940243470401914
T111,S14,0.394955256070747
T112,S47,0.3588357311021956
T112,S12,0.362389066988408
T112,S8,0.3654593063831229
T112,S27,0.3657126135643382
T112,S64,0.3657367515998238
T112,S49,0.3658041765833449
T112,S33,0.3667747515848791
T112,S13,0.3682644719864982
T112,S46,0.3697333648951968
T112,S6,0.3706902796757425
T113,S24,0.3678208454790929
T113,S34,0.3699110734978313
T113,S53,0.382566252998583
T113,S11,0.3853059715937904
T113,S10,0.3863273323560193
T113,S12,0.3866015719539351
T113,S42,0.3870680813387845
T113,S47,0.3881050114751586
T113,S15,0.3885640438886357
T113,S56,0.3890212048748642
T114,S58,0.3942522963739363
T114,S37,0.4013615089014786
T114,S17,0.4016190823873526
T114,S36,0.4017764191750486
T114,S41,0.4018267937287685
T114,S11,0.4021807158419272
T114,S52,0.4025493800924122
T114,S24,0.4042523797019167
T114,S32,0.4043979881152986
T114,S10,0.4045921923520843
T115,S37,0.3795684824419831
T115,S46,0.384790140123067
T115,S4,0.3877153440999332
T115,S53,0.3904382734516582
T115,S9,0.3910060883864898
T115,S57,0.3928234434698145
T115,S15,0.3944731836586223
T115,S24,0.3956616684375539
T115,S28,0.3963591661247658
T115,S7,0.396562897772605
T116,S7,0.4138240367532392
T116,S15,0.4155072353683486
T116,S56,0.4178984328450377
T116,S52,0.418267719282417
T116,S64,0.4183531405675444
T116,S34,0.4218641221056747
T116,S11,0.4225131240128933
T116,S4,0.4258428911248415
T116,S40,0.4261870346601247
T116,S53,0.4278686126308075
T117,S23,0.4114719318296943
T117,S18,0.4142240382020865
T117,S34,0.4161656990495181
T117,S33,0.4168781851488113
T117,S13,0.4179896284006978
T117,S10,0.4182219261104788
T117,S27,0.4188802810106009
T117,S41,0.4204763887816598
T117,S35,0.4212642548292862
T117,S46,0.4234096271244015
T118,S47,0.3881966295951341
T118,S23,0.3898465832108176
T118,S37,0.3930943088060963
T118,S56,0.3953354690170042
T118,S49,0.395776467251421
T118,S52,0.3972383706421338
T118,S24,0.39756413183172
T118,S27,0.3984189173544548
T118,S28,0.3988451874203165
T118,S34,0.3996429927061585
T119,S55,0.3566303996459709
T119,S41,0.3741238244408519
T119,S22,0.374498951859785
T119,S33,0.3796683010221917
T119,S23,0.383266075251835
T119,S28,0.3862473216271872
T119,S53,0.3866747027707025
T119,S11,0.3908274120493553
T119,S6,0.3908833294000815
T119,S14,0.3919502767125163
T12,S33,0.4395921400782287
T12,S11,0.4408972539215948
T12,S56,0.4495000349273917
T12,S34,0.4525657359802307
T12,S37,0.4584217649945
T12,S6,0.4586925189476704
T12,S28,0.4594873059697072
T12,S27,0.4662907327507021
T12,S30,0.4677318048056559
T12,S4,0.4725056040495777
T120,S9,0.3758772783937399
T120,S23,0.3840064095081673
T120,S56,0.3860476916553899
T120,S10,0.3864036608713284
T120,S33,0.3886460608752051
T120,S14,0.3893801508048728
T120,S27,0.3916548140801339
T120,S52,0.392041942658022
T120,S11,0.3936262666724461
T120,S29,0.3973998407014784
T121,S62,0.3484584196413718
T121,S27,0.3619523477358725
T121,S39,0.3644455799597564
T121,S57,0.3668673948952818
T121,S51,0.3677447066550589
T121,S33,0.3713963032342207
T121,S34,0.3722836694948802
T121,S14,0.3724620518029387
T121,S37,0.3725890441693311
T121,S47,0.3726410280966331
T122,S4,0.3460220507602201
T122,S50,0.3517856298732359
T122,S21,0.3599609593505978
T122,S33,0.3623520668731544
T122,S37,0.3670020319767053
T122,S53,0.3734501501171308
T122,S7,0.3734759154063277
T122,S51,0.3747983347313218
T122,S36,0.3755014821567904
T122,S58,0.375591460042797
T123,S9,0.3948784240605253
T123,S33,0.3986998727656762
T123,S22,0.4039315997927166
T123,S48,0.4053825314491085
T123,S64,0.4064572473390304
T123,S1,0.4076070607280411
T123,S50,0.407862711748088
T123,S56,0.408498661695018
T123,S40,0.4094035496625172
T123,S45,0.409787248727115
T124,S48,0.3915373211435201
T124,S30,0.393675526081945
T124,S61,0.4007964272312179
T124,S47,0.4028057374401768
T124,S36,0.4033796458805119
T124,S22,0.4063286451816092
T124,S8,0.4082235297504675
T124,S10,0.4086235545199366
T124,S62,0.4095906003064803
T124,S27,0.4099785002144379
T125,S64,0.3746924047547129
T125,S15,0.3808318769907226
T125,S56,0.3903751219156413
T125,S9,0.393068368566116
T125,S57,0.393115906503281
T125,S46,0.3937751352490976
T125,S22,0.3985860027351804
T125,S11,0.3989724033838787
T125,S33,0.4019413662048694
T125,S35,0.4035757905320016
T126,S15,0.3870377601625591
T126,S58,0.3885724044351663
T126,S33,0.4074591055234098
T126,S25,0.4076412582441006
T126,S20,0.4084824706426659
T126,S23,0.4087434201653235
T126,S32,0.4124172826119325
T126,S45,0.415701129979441
T126,S47,0.4160176716507299
T126,S57,0.4171836203325589
T127,S34,0.3949862856837662
T127,S49,0.4098116234233384
T127,S16,0.4113225998920691
T127,S41,0.414836046952273
T127,S19,0.4164127699460485
T127,S47,0.4166070547896351
T127,S11,0.4170942256558169
T127,S25,0.4225203329637356
T127,S27,0.4268836782095794
T127,S59,0.4275044687948481
T128,S22,0.4174258112574086
T128,S30,0.4217013333275192
T128,S58,0.4238502363663704
T128,S9,0.4242424702551292
T128,S17,0.4276896041230492
T128,S12,0.4287815343209551
T128,S4,0.4309160279689079
T128,S14,0.4334213522247577
T128,S51,0.4340036964699346
T128,S47,0.4350831469372939
T129,S59,0.3872057687206047
T129,S42,0.3890752608548335
T129,S57,0.3910157745124577
T129,S4,0.3940537596059178
T129,S12,0.3946261825387821
T129,S48,0.3958331674045964
T129,S34,0.396943807047368
T129,S8,0.3981663064178672
T129,S40,0.3987907872639129
T129,S23,0.3996109067783651
T13,S51,0.2955501395805435
T13,S57,0.3086422948007897
T13,S47,0.3144971045785618
T13,S27,0.3246634300888952
T13,S4,0.3273280115761767
T13,S36,0.3280834782626797
T13,S56,0.3288094033774881
T13,S18,0.3300534592431476
T13,S46,0.3346009562166382
T13,S20,0.3355328210886169
T130,S35,0.3778679029154589
T130,S19,0.3834281879289277
T130,S12,0.3870228345212208
T130,S58,0.3888918489825305
T130,S22,0.3895139000315836
T130,S21,0.3917946209154082
T130,S46,0.393219450574697
T130,S40,0.3934724307700917
T130,S47,0.3945677573064674
T130,S16,0.3950193247101197
T14,S15,0.3010289292276764
T14,S18,0.3032375997876602
T14,S56,0.3114374378108072
T14,S60,0.3126699551825349
T14,S10,0.3131573416321577
T14,S47,0.3209921098625575
T14,S57,0.3225569272545846
T14,S6,0.3228454534259948
T14,S54,0.3271731398813232
T14,S27,0.3298955199817666
T16,S36,0.3161099466780201
T16,S56,0.3171305951616787
T16,S47,0.3224313149258681
T16,S15,0.3266753518406637
T16,S49,0.326716549753878
T16,S51,0.3280622170973235
T16,S22,0.3367489157019801
T16,S52,0.3374503777395132
T16,S54,0.3388528020731318
T16,S10,0.3390401397066103
T17,S56,0.3213796834281341
T17,S57,0.3246473760459471
T17,S60,0.3307987400274813
T17,S46,0.3328661632360968
T17,S51,0.3439236126975946
T17,S29,0.3456885770233686
T17,S13,0.3463539737746713
T17,S33,0.3477987620559566
T17,S11,0.3515288352458808
T17,S18,0.3521486855839173
T19,S49,0.3090740878169272
T19,S56,0.3106497020819316
T19,S4,0.310797185237146
T19,S54,0.3125011434036475
T19,S36,0.314067957679381
T19,S51,0.3152932417712231
T19,S52,0.3167209380919524
T19,S50,0.3179107105926224
T19,S57,0.3224600241193884
T19,S6,0.3277359628118008
T2,S18,0.3963786911269537
T2,S34,0.4028372605673397
T2,S27,0.407254306451159
T2,S33,0.407844819393989
T2,S39,0.4083254061807618
T2,S47,0.4083641005448849
T2,S15,0.4084295256743759
T2,S45,0.4096912821463813
T2,S50,0.4115811027617695
T2,S32,0.4121653406016462
T20,S60,0.3092552574263022
T20,S56,0.3162611120766328
T20,S10,0.3195647318318215
T20,S15,0.3240806116876423
T20,S51,0.3244812749528222
T20,S40,0.3306007956309414
T20,S30,0.3310406665590986
T20,S13,0.3324258846913425
T20,S39,0.3338781567885973
T20,S14,0.3343210833282347
T21,S10,0.3195932401807798
T21,S56,0.3249444096209934
T21,S15,0.3253756635823808
T21,S47,0.3256000807610695
T21,S57,0.3331237514443332
T21,S33,0.3355306042814067
T21,S60,0.3412951798543148
T21,S40,0.3415344185615003
T21,S39,0.3453706219656867
T21,S53,0.3469794823267399
T23,S15,0.3057378988136602
T23,S10,0.3071119170550697
T23,S51,0.3079829515475637
T23,S18,0.3102376423360241
T23,S39,0.3122181549990208
T23,S13,0.3131790337456874
T23,S60,0.3141584753465964
T23,S27,0.3160531986926137
T23,S57,0.3176244909596881
T23,S56,0.3186348099438019
T25,S57,0.3989893358856281
T25,S15,0.4002555137005063
T25,S37,0.4030719237178461
T25,S24,0.412876205556387
T25,S28,0.4134100119256578
T25,S19,0.4146035198006738
T25,S29,0.4156274301785826
T25,S14,0.4160851139093459
T25,S52,0.4178312940598684
T25,S30,0.4199978580688496
T26,S56,0.2802101284287354
T26,S15,0.2972564652639693
T26,S27,0.3004135999258132
T26,S57,0.3028675853806308
T26,S4,0.305729693290974
T26,S36,0.3061963621258355
T26,S40,0.3068493174955824
T26,S60,0.307301875518599
T26,S51,0.3086674848568662
T26,S18,0.3134289963777084
T27,S33,0.403649259884674
T27,S37,0.4126573425160287
T27,S34,0.4128358916829749
T27,S19,0.4151267901374428
T27,S50,0.4182092240379076
T27,S13,0.418445500979391
T27,S56,0.4189204977834923
T27,S22,0.4207300391338611
T27,S54,0.4210587993633149
T27,S30,0.4227276283601288
T28,S56,0.3057599165868138
T28,S51,0.3063827269224845
T28,S13,0.3230231625826965
T28,S52,0.3235820139946132
T28,S47,0.3276406575504004
T28,S10,0.3301060432114734
T28,S22,0.3312311898745202
T28,S40,0.3351098859261532
T28,S39,0.3355052350385221
T28,S57,0.3358969350848505
T29,S15,0.309452549246773
T29,S51,0.3182521862090658
T29,S18,0.3198022298027391
T29,S56,0.3233227581462143
T29,S60,0.3309425298608506
T29,S53,0.3312869303402517
T29,S40,0.3315033862629393
T29,S47,0.3318799135610153
T29,S49,0.3351743383256985
T29,S50,0.3356622768633481
T3,S56,0.310394598380362
T3,S40,0.3134686169594304
T3,S57,0.3192640789115066
T3,S39,0.322107354495692
T3,S51,0.3244249240240097
T3,S54,0.3271561530548029
T3,S6,0.3314058934681406
T3,S60,0.3339212036456083
T3,S63,0.335122338438481
T3,S11,0.3358740374356429
T30,S33,0.4617306881830604
T30,S34,0.4669687272887236
T30,S14,0.4714710326902384
T30,S4,0.4727282911720233
T30,S30,0.4727769476955729
T30,S8,0.4772131141374794
T30,S6,0.4805854166093469
T30,S47,0.4809881787923001
T30,S50,0.4813296794077304
T30,S19,0.4825929675350394
T31,S39,0.4042319023467804
T31,S14,0.406425327214721
T31,S29,0.4153783692692147
T31,S34,0.4162757607661368
T31,S33,0.4193543435807327
T31,S51,0.4209300972854561
T31,S47,0.4216176424825348
T31,S22,0.4234568814305178
T31,S19,0.4236287934653204
T31,S50,0.4240924358941081
T33,S57,0.3881731893064676
T33,S51,0.4024784615678342
T33,S34,0.4026764676719513
T33,S27,0.4108629030077835
T33,S56,0.4114979183063596
T33,S47,0.4120122228112048
T33,S9,0.4141092045030478
T33,S50,0.4157020336848871
T33,S22,0.4163546971382497
T33,S29,0.4172127298378226
T34,S57,0.2909672921417024
T34,S40,0.2939254157540225
T34,S24,0.2963876995547112
T34,S56,0.3022132425651792
T34,S32,0.3023937299852497
T34,S7,0.3038127588190141
T34,S4,0.3073307826436685
T34,S15,0.3076918244033467
T34,S47,0.3090314618480216
T34,S13,0.3094025421688191
T35,S19,0.2837515447099465
T35,S30,0.2850431695773312
T35,S14,0.2891723304369108
T35,S57,0.2928229440540241
T35,S49,0.2934060623918414
T35,S62,0.2935964179323825
T35,S43,0.2942857880758505
T35,S4,0.2973196689337803
T35,S59,0.2984763098855496
T35,S8,0.2997984082737931
T36,S46,0.2845749503426144
T36,S40,0.298487824183712
T36,S39,0.3010136845984674
T36,S51,0.3014941765263595
T36,S60,0.3028322562410462
T36,S12,0.30290466767143
T36,S47,0.3048566126282397
T36,S13,0.3053881308631013
T36,S6,0.3055712152056785
T36,S56,0.3087736366126997
T37,S15,0.3077869750114533
T37,S10,0.3102175423287501
T37,S33,0.312139707594705
T37,S46,0.3140508858402013
T37,S56,0.3147542203288607
T37,S36,0.3167345443650559
T37,S9,0.3167363110365412
T37,S19,0.3193984919049362
T37,S48,0.3214858641223166
T37,S29,0.3234330673016578
T38,S56,0.3096466309090738
T38,S28,0.3149883732202019
T38,S33,0.316035496190519
T38,S40,0.3262382212167488
T38,S19,0.3335339995652042
T38,S49,0.334336958024668
T38,S39,0.3349956997441642
T38,S29,0.3360782133353727
T38,S27,0.3361140597219724
T38,S48,0.336202323018708
T39,S10,0.3215412555492585
T39,S56,0.3336607728371014
T39,S11,0.3352952370078119
T39,S52,0.3354134966228282
T39,S15,0.3355559581282376
T39,S40,0.3385455550791779
T39,S13,0.3388767443249832
T39,S55,0.3394648209202082
T39,S33,0.3401518557139531
T39,S29,0.3438200430215568
T4,S15,0.3507376906166599
T4,S56,0.355369572230231
T4,S27,0.3563504106341093
T4,S60,0.3571807467920214
T4,S18,0.3696845557763404
T4,S11,0.3747068731640453
T4,S47,0.3780953492737211
T4,S34,0.3791009400950213
T4,S7,0.3798560631903643
T4,S57,0.3815652342145098
T40,S32,0.3104273185710572
T40,S64,0.3114779195631977
T40,S29,0.3175372051467452
T40,S10,0.3178463341269766
T40,S15,0.3179752675581602
T40,S33,0.3180558701028174
T40,S60,0.3181395846833798
T40,S48,0.3195722722270731
T40,S52,0.3196923078957187
T40,S55,0.3207025701106721
T41,S56,0.31190537489244
T41,S22,0.3149807575003525
T41,S15,0.318070185811469
T41,S4,0.3181723347063073
T41,S10,0.3188305336926181
T41,S33,0.3198886710826385
T41,S46,0.3220873628784263
T41,S52,0.3246956737021678
T41,S28,0.325776144960467
T41,S5,0.3259091624344747
T42,S55,0.3006761738827437
T42,S15,0.3051267124501364
T42,S25,0.3103222172161248
T42,S33,0.3110017383661813
T42,S20,0.3127474728835736
T42,S29,0.313540105906583
T42,S52,0.3147406762992892
T42,S53,0.3222972924559106
T42,S56,0.3227147008497514
T42,S64,0.3237171838959063
T44,S33,0.2948900620222627
T44,S48,0.2999036779987237
T44,S34,0.3043598519151705
T44,S49,0.3045909897169743
T44,S15,0.3047298054399376
T44,S56,0.3049113615705131
T44,S53,0.3105303957117515
T44,S11,0.3160217985254733
T44,S40,0.316264094547239
T44,S57,0.3169749437343895
T45,S33,0.2962503984609824
T45,S55,0.3085607431999314
T45,S15,0.3112892463820449
T45,S13,0.313321890579911
T45,S56,0.3161127117049472
T45,S11,0.3172143352951456
T45,S4,0.317461390473461
T45,S53,0.3204308989965856
T45,S28,0.3231373374948937
T45,S34,0.3237670010043761
T46,S33,0.3272278212351771
T46,S11,0.3318860276893267
T46,S51,0.3373037874932716
T46,S56,0.3378524886719735
T46,S52,0.3389985001303798
T46,S9,0.3413582190414481
T46,S23,0.3418773941005088
T46,S34,0.3442966431919744
T46,S40,0.3446995557910264
T46,S13,0.3459266262689707
T47,S51,0.302597217457459
T47,S52,0.3098934611673303
T47,S64,0.3120999570084888
T47,S55,0.3125228194290063
T47,S10,0.3127883804798057
T47,S56,0.3139273750479627
T47,S34,0.3140319187818352
T47,S48,0.3192712789472459
T47,S7,0.3218589185285252
T47,S24,0.3225356667204784
T48,S10,0.3153830956255687
T48,S52,0.3204047574170959
T48,S33,0.3232413510729358
T48,S56,0.3239689090967815
T48,S55,0.3250267424066477
T48,S48,0.3288247877956425
T48,S5,0.3289942099344484
T48,S51,0.331008660142855
T48,S1,0.3312616541250988
T48,S18,0.3324196093114643
T49,S56,0.313594905685774
T49,S55,0.3188571297957155
T49,S52,0.3233568260550393
T49,S48,0.3237932194238317
T49,S61,0.3262511530713718
T49,S51,0.3267727424166388
T49,S64,0.3283505277629415
T49,S33,0.3290451564949233
T49,S24,0.3300024186367164
T49,S37,0.3306106901902194
T5,S34,0.4267860347146373
T5,S7,0.4299996767916296
T5,S33,0.4330695612731846
T5,S48,0.436013744756857
T5,S19,0.4363245743079783
T5,S37,0.4373046484537888
T5,S39,0.4387556941798237
T5,S15,0.4416409604926427
T5,S13,0.4444614775503468
T5,S14,0.4447562244786823
T50,S53,0.3051141760922469
T50,S12,0.3103739285585014
T50,S16,0.3104778012400058
T50,S56,0.311559173767406
T50,S28,0.3138125226245865
T50,S33,0.3143171792780625
T50,S10,0.3167476230238109
T50,S54,0.3173945649847816
T50,S9,0.3174573872427929
T50,S48,0.3174961955265077
T51,S20,0.2889305611776251
T51,S55,0.292236224814308
T51,S7,0.3022605901588395
T51,S48,0.3031835318446726
T51,S40,0.306354902220006
T51,S51,0.3093626904219602
T51,S33,0.3107763073145895
T51,S56,0.3108608661644292
T51,S10,0.3119821217055089
T51,S41,0.3130595749446616
T52,S9,0.301240456697779
T52,S51,0.3052542082828516
T52,S11,0.3074839167664287
T52,S53,0.3100793975979685
T52,S33,0.3104486697357704
T52,S64,0.3116233044133555
T52,S14,0.3131276088462679
T52,S55,0.3142932167909413
T52,S27,0.3147065441479088
T52,S48,0.315632399359959
T53,S61,0.3330516622039893
T53,S14,0.3380451384411544
T53,S55,0.3399395401092615
T53,S15,0.3432578471495422
T53,S10,0.3436393341354742
T53,S60,0.3454671647017046
T53,S4,0.3464003351088571
T53,S18,0.3475430426071683
T53,S27,0.3492329240228478
T53,S52,0.3504835765640287
T54,S37,0.3506263495046068
T54,S29,0.3599233925672584
T54,S52,0.3601798143920922
T54,S33,0.3630103671123309
T54,S10,0.363897020123504
T54,S16,0.3674831059873692
T54,S56,0.3678710540212262
T54,S34,0.3695881350874686
T54,S4,0.3702476932115428
T54,S57,0.370752569043056
T55,S48,0.3580726547204815
T55,S55,0.361971512846526
T55,S33,0.3705642006610154
T55,S11,0.3708389789950908
T55,S15,0.3723884564564531
T55,S14,0.3737527399753582
T55,S10,0.3753796167515267
T55,S64,0.3761315103990698
T55,S24,0.3782966815228703
T55,S27,0.3792415757363697
T56,S21,0.3712960386521475
T56,S4,0.3749786129603374
T56,S14,0.3768929168278538
T56,S52,0.3778722241383786
T56,S7,0.3785164951088069
T56,S23,0.3785285077599302
T56,S46,0.3796167261380985
T56,S33,0.3798338861640878
T56,S19,0.3813964052115499
T56,S11,0.3814660357190017
T57,S4,0.391735338440432
T57,S11,0.395370299000245
T57,S56,0.3981928117959817
T57,S52,0.4020264218117099
T57,S47,0.4041334272113572
T57,S64,0.4062022682355086
T57,S10,0.4090857449663413
T57,S36,0.4108635838429303
T57,S14,0.4109810146684055
T57,S19,0.4112070686129346
T58,S26,0.3573627281321677
T58,S15,0.3602311600969181
T58,S19,0.367906548157396
T58,S33,0.3686373228807489
T58,S56,0.3686530298191049
T58,S11,0.3745924611687364
T58,S48,0.3759836395115452
T58,S14,0.3760767764674133
T58,S37,0.3776176697974518
T58,S24,0.3778621837298742
T59,S51,0.3699798793416292
T59,S27,0.376563435151759
T59,S4,0.378420343648275
T59,S50,0.3784244779642864
T59,S33,0.3788313992766302
T59,S48,0.3789260859879195
T59,S56,0.3791528585753613
T59,S47,0.3837593933679817
T59,S34,0.3859718811622092
T59,S15,0.386423207462564
T6,S11,0.4454832469119665
T6,S34,0.4604895177297005
T6,S24,0.461978346903
T6,S47,0.462709029286524
T6,S27,0.4686749520683648
T6,S60,0.4716773652847146
T6,S10,0.4738466596126315
T6,S21,0.4743358318731612
T6,S12,0.4757586848964665
T6,S39,0.4771844662615284
T60,S48,0.3899898132596158
T60,S27,0.3900237753264923
T60,S33,0.390924600839557
T60,S47,0.3932405382813045
T60,S29,0.3959501662594091
T60,S30,0.4060387151851362
T60,S52,0.4071043028080586
T60,S57,0.4074463404180124
T60,S6,0.4084711112018869
T60,S55,0.4096587198880677
T61,S34,0.3828033544077175
T61,S29,0.3935616676805102
T61,S51,0.3945107912368665
T61,S4,0.3969753059516165
T61,S10,0.3975563677239367
T61,S33,0.4008189272341937
T61,S3,0.4033989631696681
T61,S1,0.4038325515612373
T61,S27,0.405403948500991
T61,S56,0.4080892367420887
T62,S64,0.3907330632308928
T62,S8,0.3946824307192232
T62,S57,0.3980052892529936
T62,S18,0.3983112200161242
T62,S33,0.4017277665832222
T62,S21,0.4023195904783351
T62,S27,0.4027117354702706
T62,S10,0.4062219297374811
T62,S48,0.407007891951643
T62,S34,0.407364958118683
T63,S33,0.3495039266857617
T63,S49,0.3510087938479057
T63,S27,0.3530743678242771
T63,S34,0.3540411779753498
T63,S47,0.3560308988881945
T63,S55,0.357040559603667
T63,S15,0.357899604593794
T63,S18,0.3586996680253167
T63,S52,0.360930897485053
T63,S42,0.3615538165022555
T64,S26,0.3437573258054512
T64,S50,0.3486258849151153
T64,S64,0.3509992998877275
T64,S19,0.3521789657406092
T64,S48,0.3532984339021189
T64,S11,0.3541922117935324
T64,S56,0.3550348541371639
T64,S10,0.356455956301164
T64,S4,0.3565443261209535
T64,S14,0.3576783343894252
T65,S50,0.3354070945202998
T65,S56,0.3430420243660715
T65,S15,0.3452411447043286
T65,S37,0.3471793951027396
T65,S28,0.3475960325233307
T65,S55,0.3486809894906058
T65,S64,0.3491714529876961
T65,S52,0.3501835896937385
T65,S13,0.3505344574432737
T65,S49,0.3511835851228663
T66,S48,0.3428249807748809
T66,S60,0.3486319723240206
T66,S53,0.353315773721224
T66,S52,0.3553118478488327
T66,S9,0.3563943244091141
T66,S64,0.3579179968952677
T66,S29,0.3584917902458377
T66,S10,0.3594613456337311
T66,S11,0.359514027618172
T66,S58,0.3608441500119482
T68,S29,0.3905696224790053
T68,S27,0.3941949111793743
T68,S15,0.3946530583477036
T68,S34,0.4023057200113383
T68,S1,0.403974502290537
T68,S56,0.4071700046047469
T68,S33,0.4077495084371737
T68,S51,0.4088990820027687
T68,S36,0.4105896496866239
T68,S24,0.4127388355652419
T69,S14,0.3996860572508134
T69,S48,0.402267592896543
T69,S57,0.402404759387944
T69,S35,0.4025807828782007
T69,S24,0.4073357528580855
T69,S56,0.4086514016997418
T69,S18,0.4103178646352479
T69,S11,0.4106749327535253
T69,S37,0.4109418983896027
T69,S23,0.4112158699725409
T7,S56,0.3169618341959182
T7,S46,0.3198293219321149
T7,S57,0.3219258955172716
T7,S47,0.3253043384758463
T7,S15,0.3267317878409393
T7,S36,0.3274103321609561
T7,S40,0.3293127101069408
T7,S39,0.3301351842347921
T7,S12,0.3304815400540986
T7,S64,0.3314103744191978
T70,S56,0.3656668109216257
T70,S6,0.374947994187167
T70,S52,0.3761691695847243
T70,S43,0.3776559312162725
T70,S34,0.3830763449384398
T70,S19,0.3847511510092446
T70,S55,0.3854746245347874
T70,S27,0.3884270158449148
T70,S64,0.3894422634615611
T70,S57,0.3913635784362534
T72,S56,0.3901110277720296
T72,S15,0.4019962988171414
T72,S28,0.402542298892679
T72,S11,0.4027300073575366
T72,S14,0.4071323991969978
T72,S51,0.408397787183313
T72,S30,0.4095467876432129
T72,S4,0.4097136524506066
T72,S40,0.4110730366291891
T72,S26,0.4143533313830428
T73,S28,0.415949118916838
T73,S30,0.4299337324723499
T73,S48,0.4315068171460815
T73,S52,0.4402579379346085
T73,S11,0.4425250662148413
T73,S14,0.4433818445884337
T73,S13,0.4436546694522192
T73,S64,0.4439379738565686
T73,S6,0.4464679829790351
T73,S32,0.4465236804843112
T74,S9,0.4193872782818139
T74,S28,0.4230463803568868
T74,S37,0.428099505771172
T74,S38,0.4342828423646236
T74,S14,0.4350980682850012
T74,S42,0.4353056952797267
T74,S45,0.437367145513449
T74,S35,0.4394345638197805
T74,S10,0.4397936940324324
T74,S26,0.44082763072603
T75,S46,0.3837974150476442
T75,S15,0.3913704186849135
T75,S55,0.3929921172669253
T75,S59,0.3936195942069833
T75,S56,0.3942700374181653
T75,S40,0.3990711139516545
T75,S19,0.3994757854833193
T75,S5,0.3995033885412585
T75,S22,0.3996210163557381
T75,S50,0.4005631555069632
T76,S8,0.3660169291539293
T76,S13,0.3677579753097578
T76,S51,0.3693373035482484
T76,S40,0.3736964557045682
T76,S33,0.3743856729744032
T76,S30,0.3745371424609118
T76,S29,0.3754390550238504
T76,S55,0.3785724221065856
T76,S18,0.3791903660546872
T76,S17,0.3798537383977562
T77,S31,0.363861907374829
T77,S34,0.3661161819244439
T77,S52,0.367705344707954
T77,S41,0.3682988817291849
T77,S54,0.3693246407741848
T77,S58,0.371912954519884
T77,S61,0.3750767882477291
T77,S42,0.3759803313450562
T77,S37,0.3765484973105358
T77,S15,0.3774005907981415
T78,S27,0.4092276874070171
T78,S5,0.4092520688458254
T78,S38,0.4112663782204914
T78,S59,0.4115211872059021
T78,S48,0.4147997574901433
T78,S41,0.4158929702901598
T78,S13,0.4187873683373572
T78,S33,0.4191264979881965
T78,S63,0.4202390261816964
T78,S39,0.4202901509693847
T79,S12,0.3967638818019476
T79,S33,0.4019229943682559
T79,S61,0.4046441890049301
T79,S16,0.4065772342574423
T79,S59,0.4108646712353607
T79,S10,0.4123686212807806
T79,S54,0.4128693043015057
T79,S60,0.4132719026589623
T79,S34,0.413798246327352
T79,S52,0.4145401614363267
T8,S56,0.3105967796606858
T8,S36,0.3203977237477974
T8,S11,0.3270501785545502
T8,S54,0.3280272779394133
T8,S51,0.3324374542904653
T8,S40,0.3353144167646662
T8,S60,0.3356714118343415
T8,S47,0.336608392062158
T8,S57,0.3374600309811063
T8,S22,0.3429167290894984
T80,S51,0.4119513290234345
T80,S23,0.4185857023736462
T80,S41,0.4216461467209054
T80,S15,0.4273293276476986
T80,S33,0.4296760124332843
T80,S9,0.4301935931208673
T80,S5,0.4325661569645399
T80,S64,0.4334513445290499
T80,S48,0.4347388548534446
T80,S54,0.4364856033436727
T81,S1,0.3997880021364071
T81,S28,0.4038124684142199
T81,S35,0.4095303820530929
T81,S17,0.4155740648891793
T81,S14,0.4160581478890838
T81,S50,0.4163035585558324
T81,S41,0.4167231673171349
T81,S39,0.417988726344541
T81,S7,0.4196958208813933
T81,S64,0.4221817151074031
T82,S42,0.397064481563485
T82,S27,0.3992896834399465
T82,S8,0.4060035333392203
T82,S11,0.4068461590714752
T82,S33,0.4069755074460693
T82,S41,0.410771546951916
T82,S64,0.4120726583296784
T82,S54,0.4123710591203371
T82,S58,0.4142577036089161
T82,S36,0.4151531584924308
T83,S53,0.3961243632370927
T83,S23,0.3977065446513951
T83,S59,0.3978812700912383
T83,S17,0.4014596916145184
T83,S33,0.4024279866517682
T83,S64,0.4039206537656885
T83,S39,0.4042059604985895
T83,S9,0.4043833954715012
T83,S57,0.4048667409784106
T83,S41,0.4048768424437666
T84,S37,0.4208551586229134
T84,S39,0.4211512674865667
T84,S35,0.4229061391267645
T84,S33,0.4246350071199428
T84,S50,0.4250609399059295
T84,S32,0.4254973628322497
T84,S14,0.4280858841212603
T84,S27,0.428363893411387
T84,S52,0.4297283849842651
T84,S47,0.4304111029837892
T85,S15,0.3965692298340115
T85,S39,0.4025300538280032
T85,S37,0.4077287717790352
T85,S6,0.4119486257920913
T85,S34,0.4175292600988625
T85,S7,0.4185344286592845
T85,S27,0.4187689873491964
T85,S59,0.4204166363632138
T85,S32,0.4208757867653822
T85,S30,0.4210746325832119
T86,S51,0.4210831207451403
T86,S34,0.4234199578992773
T86,S22,0.4294683997591764
T86,S37,0.4313616833701219
T86,S17,0.4342621706616746
T86,S36,0.4362297062929568
T86,S47,0.4376082390421277
T86,S56,0.4394521978654558
T86,S33,0.4396546755804806
T86,S11,0.4418048052085874
T87,S33,0.4040468995376632
T87,S15,0.4093213209876585
T87,S34,0.4111013451360691
T87,S42,0.4133193385711835
T87,S39,0.4166158049489339
T87,S19,0.4186107478718298
T87,S24,0.4199104013824916
T87,S23,0.4212347889099385
T87,S13,0.424927355902515
T87,S63,0.4251927446512135
T88,S33,0.4111694231234229
T88,S45,0.426751405538744
T88,S54,0.4310975925736567
T88,S46,0.4326333955635967
T88,S42,0.4340279665787923
T88,S6,0.4356231252787595
T88,S61,0.4366289032249075
T88,S34,0.438880849169037
T88,S9,0.43900919754699
T88,S35,0.4397234756555221
T89,S34,0.4456387659092052
T89,S64,0.4460683540214389
T89,S39,0.4472398703155467
T89,S37,0.4501576695986578
T89,S30,0.4544072462130809
T89,S20,0.4544953897125556
T89,S33,0.4545586122058632
T89,S15,0.4555056678906294
T89,S36,0.4557761246168457
T89,S13,0.458771292276091
T90,S59,0.4479327838055582
T90,S16,0.4589474530942145
T90,S50,0.4593237306980006
T90,S46,0.4637927632381701
T90,S33,0.4667769788984711
T90,S34,0.4690492718041533
T90,S53,0.4691776902808564
T90,S30,0.4703226469793722
T90,S63,0.4707848216795821
T90,S15,0.471830319348234
T91,S11,0.4449100663693752
T91,S38,0.4483160552200451
T91,S22,0.4487519634594735
T91,S15,0.4518004500268979
T91,S40,0.4537530688771989
T91,S45,0.4540137856442794
T91,S42,0.4596820577234203
T91,S59,0.4629549923605348
T91,S30,0.4646108994070212
T91,S24,0.4656191117903502
T92,S51,0.4164309094100514
T92,S9,0.4198674894105201
T92,S48,0.4279838858242639
T92,S33,0.4291636990636065
T92,S64,0.4330596031465925
T92,S47,0.4402808489962511
T92,S27,0.4449227950399373
T92,S19,0.4461246491470901
T92,S56,0.446413611207421
T92,S39,0.4473818962605297
T93,S54,0.4729240562519173
T93,S50,0.4827081641100793
T93,S27,0.4892249157476028
T93,S29,0.4955564763056325
T93,S57,0.5008361469236451
T93,S33,0.5016266140239946
T93,S47,0.502000039020442
T93,S10,0.5027880626552288
T93,S62,0.5031095113801023
T93,S39,0.5031652567508654
T94,S10,0.432945206638289
T94,S27,0.4446857720867671
T94,S38,0.447390962374503
T94,S42,0.4480077922755581
T94,S18,0.4533013719090215
T94,S54,0.4544446191404909
T94,S56,0.4545932960084644
T94,S51,0.4559782424890248
T94,S40,0.4592490405718525
T94,S36,0.4592789568976884
T95,S51,0.399700378095881
T95,S34,0.4085655683067111
T95,S54,0.4186211422459359
T95,S46,0.4187873172496709
T95,S16,0.4215531982063694
T95,S33,0.4281807284016373
T95,S56,0.4373698246449053
T95,S9,0.4402567721986834
T95,S4,0.4415849865732325
T95,S28,0.4463331628269202
T96,S12,0.4350825127628716
T96,S58,0.442045147678364
T96,S56,0.4425966757706246
T96,S4,0.445774454703699
T96,S27,0.4476228135828777
T96,S34,0.4482360461957738
T96,S54,0.4520805012817591
T96,S35,0.4523653174788398
T96,S33,0.4534716895789656
T96,S31,0.4569733120699829
T97,S47,0.4218724165140679
T97,S30,0.4255908707762875
T97,S56,0.4258023353245402
T97,S62,0.4265194313421909
T97,S35,0.4293825269629523
T97,S14,0.4310486822216252
T97,S60,0.4367641056367165
T97,S15,0.4373611439376993
T97,S29,0.4406743844417643
T97,S34,0.4413440418983966
T98,S21,0.4118586904064129
T98,S64,0.4161203924242999
T98,S37,0.4165760748002208
T98,S35,0.425986102287866
T98,S34,0.4263502150495308
T98,S29,0.4278327731450944
T98,S22,0.4286633856955071
T98,S15,0.4293615167480831
T98,S23,0.4301854461565054
T98,S41,0.4327747660758461
T99,S23,0.4192889334655582
T99,S14,0.4237685335999701
T99,S63,0.4273086371753442
T99,S46,0.4369180476282682
T99,S51,0.4405120838665025
T99,S59,0.4406966556903759
T99,S40,0.4409943706963359
T99,S53,0.4410576825090965
T99,S39,0.4454825950365252
T99,S47,0.445533094276281
